"customerNo","custLastName","custFirstName","phone","custAddress","city","creditLimit"
"23912919","Kling","Jaqueline","(260)846-1469x23908","39686 Murazik Port Wiegandmouth, DC 11688","Lake Alda","513652864"
"30021024","Jacobi","Leonie","1-211-662-9136x718","7721 Waylon Rapid Lake Vallie, MT 60023","Binsborough","0"
"35673676","Harris","Kiley","(822)064-0890x4157","19459 Douglas Springs Pacochaland, ME 42039","North Dominiqueville","0"
"45621940","Wehner","Gail","1-084-245-0644","8495 Emile Springs Gutmannburgh, GA 56340-9829","Nobleville","0"
"59874864","Pfeffer","Vance","1-382-137-7470","53089 Justyn Garden Apt. 931 Caspermouth, ND 71177","Alejandramouth","0"
"84571217","Raynor","Rosella","925.943.1832","177 Keeling Ways East Janie, DE 14384-2804","North Rebeccaburgh","117062178"
"92032905","Crooks","Adan","08771488046","546 Autumn Spring Apt. 517 North Rachelfurt, KY 67888","Stephenton","0"
"110668732","Fritsch","Kendrick","1-098-068-1955x122","384 Ryley Islands East Garryfurt, NM 43559-4485","New Neal","471460065"
"120126610","Baumbach","Marta","085.938.5136","486 Pfannerstill Mountain Adellton, PA 98341","North Patricia","287069111"
"134638347","Waters","Odessa","(313)013-6855","737 Sigrid Track Apt. 368 Lake Emory, LA 81679","Parkerstad","0"
"145447032","Larson","Yesenia","1-885-419-8776x5720","187 Lewis Unions Apt. 770 Port Onie, NE 87759-1196","Port Dorotheaside","365289461"
"147373431","Zieme","Lorenzo","(503)785-1692","6301 Harris Port Suite 660 East Rosemariebury, SD 66772","Gleasonfurt","102477532"
"157533125","Jacobi","Cathryn","(772)213-5590","32078 Chyna Court Suite 712 Webermouth, RI 33055-8293","Port Ebony","295765616"
"158490238","Watsica","Ardella","150-445-4773","3841 Carolyn Land Myamouth, OK 72294","South Aliza","0"
"162753584","Cummings","Nicolette","(635)446-3680","23943 Eldon Ramp Apt. 141 Port Amir, MT 62596-0358","West Kelli","609498695"
"181617039","Wiza","Jovanny","718.008.4587","929 Toy Underpass Apt. 312 Jacobsfurt, NJ 46570-0362","Abernathychester","468537429"
"185973191","Casper","Garth","(282)308-7125x847","2270 Homenick Road New Gusburgh, NJ 40793-9853","Port Kathrynchester","0"
"188210246","Ratke","Ivah","1-283-632-4169x28503","6305 Treutel Point Alyssontown, CO 22185-0250","Port Austyn","0"
"191973770","Wunsch","Alfred","676.518.4868x14097","4344 Frami Mount Vallieside, NE 19202-3433","West Liana","895655163"
"204106093","Haley","Julian","845.309.5994","82381 Goodwin Lodge South Rylee, CT 28727","North Harmonstad","650028522"
"205556914","Rice","Constance","1-801-509-2864","46336 Pattie Prairie West Yvetteland, MD 19937","Brodericktown","304384234"
"212209990","Lehner","Candelario","317.693.8109","6618 Rylee Port Riceshire, NY 01084-6346","West Maci","0"
"212843535","Jacobs","Kobe","240.181.2639","32821 Stanley Heights Suite 337 Port D'angeloborough, DC 20710","New Dayneton","495560688"
"217708340","Gutkowski","Lennie","925.963.0427","7271 Ebert Cove East Gerardchester, NC 29520","Lake Armando","0"
"262812785","Abbott","Raphaelle","235-171-4521x11949","5912 Kovacek Union New Horaciomouth, CO 51590-7493","South Jake","0"
"269232655","Kilback","Nestor","947.608.0222x80883","9848 Gottlieb Heights West Maxie, MA 66117","South Donald","0"
"279403398","Maggio","Perry","07949959892","404 Metz Skyway Simoniston, TN 12749-7872","New Lilashire","0"
"289826069","Graham","Sterling","1-236-449-2228x5702","8285 Ruecker Row West Chandlerbury, MN 87093","Botsfordmouth","364784575"
"311583183","Blick","Karl","214.979.7184","4145 Cristian Fork Suite 075 East Alexa, MD 82831","New Jessicafort","0"
"313746280","Nader","Kim","(795)147-1690","5289 Myrna Harbor West Garettton, RI 66769","Abshireborough","0"
"321122186","Eichmann","Octavia","1-622-115-8344","3932 Florence Gardens West Ansleytown, NE 52415","New Cathrineview","0"
"343063458","O'Keefe","Birdie","(890)927-2027x48129","6890 Lowe Expressway Apt. 131 New Susanaville, WA 98645-7141","North Pierremouth","530101751"
"345411627","Schumm","Gertrude","1-997-821-8393","195 Elna Via Maggiobury, VA 51863","Kington","184632055"
"348373666","Rempel","Jaycee","524-332-4531","4400 Kylee Land Lake Kearaland, DC 49480","South April","538310423"
"354157549","Wintheiser","Janie","+73(9)7076818423","257 Mante Shores North Alexanne, NV 05860","Jamilberg","449551428"
"360523504","Heidenreich","Deshaun","519-660-3709x550","669 Hintz Light Apt. 893 New Darronmouth, AR 11600-9572","Melliestad","815986009"
"364771437","King","Lura","(327)575-7007x62593","5527 Brakus Spur Suite 728 Eulafurt, SC 46611","West Donatoborough","362809437"
"366007637","Bailey","Oleta","(344)629-4533x5883","6537 Maverick Rue Hermannland, OH 85447-4586","Lake Onieview","0"
"381285376","Wiegand","Cleo","1-333-649-0310x88330","856 Orland Cove Suite 872 New Tamiaview, CT 20813","Dickensland","0"
"395106995","Kovacek","Paxton","815.356.3412","550 Treutel Pike Suite 884 Carlottaton, MS 12567","Jeanetteborough","398773689"
"418316042","Schmidt","Anne","02506141280","2268 Xavier Knoll Apt. 221 West Rhiannamouth, ND 58581","Murraystad","0"
"420676583","Kiehn","Abagail","383.280.1097x772","46843 Floy Rest Blickshire, CT 44571","Wendytown","0"
"421727738","Lynch","Brycen","+46(7)3630387609","09890 Nikolaus Cliff South Toneyshire, WY 26147-4703","Caitlynton","0"
"449177486","Padberg","Selena","(420)695-6289x477","5109 Marks Alley Apt. 553 New Hailey, CT 52680-6381","Runolfsdottirstad","0"
"471469642","Spencer","Katrina","1-863-043-4507x362","64447 Oberbrunner Springs New Jessland, FL 05938-6475","Leliachester","50924208"
"480024131","Spinka","Howard","303-791-3059","6260 Dayana Trail Lynchtown, MN 60019-5569","South Daxborough","155079275"
"484615581","Zboncak","Loyce","150.573.2216x271","51101 Hickle Corner Apt. 218 Louveniafort, NH 90000-3071","Port Oniemouth","646603888"
"521741332","Beahan","Ava","1-546-863-7313","1158 Rosanna Streets Suite 345 North Nellie, ND 93452","Walshland","0"
"525891107","Stokes","Justyn","(762)537-0269","6970 Isac Light Apt. 651 Joneschester, CO 01331","West Daynachester","0"
"527289568","McLaughlin","Audreanne","1-891-399-8805","0774 Kassulke Land Israelton, SC 32079","West Ivaside","122823932"
"540224797","Jaskolski","Lew","372-679-6748","383 Waters Falls Suite 366 Lilianeland, AK 99984-3002","Port Destiniside","0"
"541025280","Steuber","Abraham","076.627.7714x48762","5951 Tillman Hills Apt. 168 Waylonfurt, MT 66192","Marvintown","0"
"550896170","Abbott","Lilian","915.913.6131","16675 Rahsaan Wall Port Leopold, TN 98367","Walkerton","0"
"552098285","Botsford","Pearlie","+69(6)4295440466","14697 Marquise Port North Margotfort, TX 71939","Hermanntown","0"
"575449855","Kessler","Elmira","770-915-2993x84865","113 Wuckert Plain Halstad, IN 74346-2190","Aniyahburgh","639839115"
"585343299","Mertz","Felix","1-805-168-4605","13188 Kerluke Centers Apt. 729 Marcellaside, KY 43375-1105","Port Beth","769425201"
"605647466","Prohaska","Nikko","620-656-8104","3802 Niko Forges Suite 446 South Nathaniel, IA 14972-8533","New Elise","0"
"628549151","Hand","Vada","529.593.7564","780 Jamison Ports Turnerton, DE 96395","Douglasmouth","372466102"
"631960859","Gaylord","Winston","441-090-6045","487 Graham Mountain Kristopherstad, LA 11245","Wisokybury","0"
"652475231","Price","Annetta","1-655-938-1782x528","23899 Adams Green Lilianaport, LA 92184-8702","North Lavonneview","815388948"
"671179345","Thompson","Theodore","1-550-761-3185x2817","90378 Ondricka Mountains Apt. 485 Yvetteport, NJ 69667-5278","Garrettfort","416458363"
"674612301","Corkery","Ethan","822-147-7763x37404","6080 Jaunita Shores Apt. 551 Feeneyland, NC 16001-9208","Vernicechester","0"
"690164680","Bauch","Mathilde","05574967828","325 Harmon Square Schimmelfurt, AK 07136-5593","New Phyllisberg","570363747"
"695414246","Runte","Heath","1-390-217-6002x42748","199 Hodkiewicz Keys Suite 007 North Keelyhaven, WA 28308","New Vivienne","716281584"
"699900593","Bednar","Ignacio","520-021-5582x36514","2241 Myles Trafficway Suite 267 Lefflermouth, NM 44496-4954","West Adrianna","0"
"718520494","Gerlach","Leonardo","453.800.2496","7686 Reichel Turnpike Lake Maryberg, SC 32166-1035","Watsonland","0"
"731338242","Marks","Efren","110.284.2480x917","478 Von Mall Kirstinmouth, NE 88056","Trystanfurt","0"
"750260504","Brakus","Paxton","041.087.0617x392","2566 Adrianna Spurs Reichertville, CA 18167","New Zoey","124087149"
"753941148","Ullrich","Gay","1-385-228-4701","51910 Gerhold Run Suite 214 Pierceborough, CT 16919-6891","Port Celine","629409578"
"759524460","Sawayn","Wellington","605-241-5098x73991","4053 Kihn Run Apt. 183 New Monicamouth, NY 40215","Vandervortberg","0"
"775672256","Rolfson","Shanny","120-399-8685x9329","57769 Stamm Forges Apt. 557 East Lavonne, NY 67435-2612","East Michaelafort","768875019"
"792564331","Mohr","Jane","(687)689-0369x646","284 Maymie Junctions Apt. 129 Jakubowskiberg, OK 52354-8776","North Fay","0"
"794299691","Dare","Marion","026-356-6366x579","418 Elisabeth Pines Apt. 739 East Pamelaside, LA 68185","Jonatantown","0"
"801937292","Bosco","Dayton","(216)866-0627x557","665 Porter Trafficway New Charleyview, NC 66385-2823","Jeannebury","487490388"
"806882730","Herzog","Clovis","527-339-0611x711","94670 Schuppe Ways Crooksfurt, MI 06895","Ritchiechester","0"
"809563965","Howe","Etha","751-673-1036x94250","8228 Tobin Bridge Apt. 568 Cassinfort, ID 19379","West Darwinview","545765838"
"810398602","Murazik","Sasha","936-327-6332","91177 Elyse Street West Geoborough, OR 76332","New Hyman","0"
"821971217","Herzog","Oda","1-587-659-5356x9928","5886 Dashawn Lake Suite 891 East Mathias, WV 52465","Marquardtmouth","861754123"
"829200001","Jaskolski","Toby","(122)169-8764x523","4216 Daron Bypass Uliseston, SC 80429-9275","Ariannachester","160338974"
"830603623","Klocko","Asia","+80(6)2602740766","23127 Calista Heights New Marcelo, MA 20739-6695","South Quinton","0"
"845478784","Thiel","Madison","06241706993","98522 Rowena Divide Port Braulio, MN 33645-8857","Bechtelarchester","0"
"857825957","Green","Travon","(204)661-6510x99918","9291 Verda Parks Suite 193 West Emile, CT 73821","Schimmeltown","0"
"865307449","Konopelski","Myah","(060)295-9326x07016","90441 Madisyn Turnpike Apt. 030 Lake Danielaberg, OR 90390-7218","Rodgertown","0"
"868423010","Brakus","Nickolas","415.895.4035x9193","781 Reina Rest West Ida, NV 14755-5777","West Violetteburgh","142151774"
"892382090","Pfannerstill","Kenya","(235)668-0342x195","76934 Silas Fall South Andresview, NY 34583-5343","Sanfordbury","0"
"893131250","Breitenberg","Ross","196.653.0997x4083","136 Kuhic Roads Samaraburgh, RI 92571","North Allen","82187683"
"902412615","Abernathy","Rodolfo","862.114.5692x0193","742 Eileen Pine Lake Newell, WA 46257-7439","South Coraliestad","543076286"
"906730641","Ernser","Jany","(862)347-5728x839","551 Tianna Manor Kulaschester, LA 42705-7191","Jaidenmouth","728841560"
"907191134","Casper","Pearl","811-191-9600x587","6064 Cole Route Apt. 446 New Cassidyborough, DE 08184","Alexandriafort","3865841"
"913985600","Waelchi","Prudence","1-768-793-5457x322","87229 Bennett Place Suite 703 East Glendaport, LA 63046","South Emmaleestad","340261757"
"915390070","Rau","Daniela","(029)965-2910x5395","3421 Casper Freeway Suite 376 Candidaborough, IA 35546","Johnathonbury","253911816"
"932984414","Walsh","Matt","1-095-955-9827","29268 Hilpert Lakes O'Konhaven, NJ 44180","Lake Juliustown","168189080"
"934262519","Sanford","Mireille","07312700574","993 Reynolds Spring Hanechester, AZ 43347","Caesarburgh","654697009"
"934765396","Keeling","America","1-289-280-1338x1079","676 Purdy Mount Suite 561 North Toneychester, FL 37376-4179","South Burnice","247854862"
"939037008","Bernier","Eliza","(404)534-1247x4330","97867 Lehner Shore South Annabellfurt, SC 42829-4139","Fadelland","599739797"
"943941673","O'Keefe","Maida","247-663-2527","77187 Conn Walks New Maiyaville, NV 91730-6121","Carterfurt","439886830"
"948789441","Tremblay","Javon","972.272.0713x84780","3860 Noel Estate Moenborough, ND 07075-1825","Ryanside","0"
"958688149","Schneider","Veda","1-524-208-6785x4319","344 Deion Roads Suite 269 West Alfonsofort, MN 48643-0693","Aureliemouth","0"
"990531797","Turcotte","Rosalinda","245.618.0971","644 Klocko Trafficway Lake Pamela, MA 62420-2263","North Ulises","120315437"
"997826667","Schaden","Jillian","(339)172-2126x166","961 Felicia Valleys Apt. 313 East Sydnee, WI 15705","Rutherfordmouth","0"
