[
{"type":"header","version":"5.0.4","comment":"Export to JSON plugin for PHPMyAdmin"},
{"type":"database","name":"dwbi_coba"},
{"type":"table","name":"empdetails","database":"dwbi_coba","data":
[
{"employeeNo":"6653212","jobTitle":"CIO","division":"HRD","reportsTo":"Theodore Turcotte Sr.","salary":"3636720404"},
{"employeeNo":"27842574","jobTitle":"COO","division":"R&D","reportsTo":null,"salary":"8913325150"},
{"employeeNo":"45745073","jobTitle":"Staff","division":"Sales & Marketing","reportsTo":"Vicente Mitchell","salary":"4683941557"},
{"employeeNo":"56295358","jobTitle":"CFO","division":"Operational","reportsTo":"Dr. Mackenzie Wiza","salary":"3178462962"},
{"employeeNo":"69452159","jobTitle":"Supervisor","division":"Operational","reportsTo":null,"salary":"7375041906"},
{"employeeNo":"70300388","jobTitle":"Project Manager","division":"R&D","reportsTo":"Jennings Schumm","salary":"8061802166"},
{"employeeNo":"81032259","jobTitle":"Supervisor","division":"Business Dev","reportsTo":"Prof. Maverick Doyle MD","salary":"3286817228"},
{"employeeNo":"144571874","jobTitle":"Director","division":"Business Dev","reportsTo":"Dr. Alfreda McClure","salary":"8835161396"},
{"employeeNo":"205737185","jobTitle":"Secretary","division":"Operational","reportsTo":"Isaiah McDermott","salary":"1165244157"},
{"employeeNo":"240844677","jobTitle":"Internship","division":"Software Dev","reportsTo":"Izabella Hegmann DVM","salary":"104607002"},
{"employeeNo":"266177557","jobTitle":"Secretary","division":"Sales & Marketing","reportsTo":null,"salary":"6485327330"},
{"employeeNo":"326630730","jobTitle":"Project Manager","division":"Sales & Marketing","reportsTo":"Keshaun Gutmann","salary":"1685367061"},
{"employeeNo":"335603995","jobTitle":"COO","division":"Business Dev","reportsTo":null,"salary":"8281067800"},
{"employeeNo":"354810794","jobTitle":"Project Manager","division":"HRD","reportsTo":null,"salary":"2936101459"},
{"employeeNo":"371769959","jobTitle":"COO","division":"Sales & Marketing","reportsTo":"Sienna Ratke","salary":"6746886601"},
{"employeeNo":"410516454","jobTitle":"Internship","division":"Business Dev","reportsTo":"Vito Abbott","salary":"1189613614"},
{"employeeNo":"427258436","jobTitle":"Internship","division":"Finance","reportsTo":null,"salary":"1289257696"},
{"employeeNo":"436199449","jobTitle":"Supervisor","division":"Business Dev","reportsTo":"Dr. Jaleel Hoppe I","salary":"365757362"},
{"employeeNo":"443981557","jobTitle":"CEO","division":"HRD","reportsTo":null,"salary":"1224101483"},
{"employeeNo":"457736212","jobTitle":"CEO","division":"Software Dev","reportsTo":"Pauline Reichel","salary":"593764436"},
{"employeeNo":"481607105","jobTitle":"Director","division":"R&D","reportsTo":"Annette Torphy","salary":"1743794752"},
{"employeeNo":"488785447","jobTitle":"CEO","division":"HRD","reportsTo":null,"salary":"2313402270"},
{"employeeNo":"519730575","jobTitle":"CFO","division":"Corporate Support","reportsTo":"Kira Koelpin","salary":"3646777247"},
{"employeeNo":"541114825","jobTitle":"Staff","division":"HRD","reportsTo":null,"salary":"5560308207"},
{"employeeNo":"579667676","jobTitle":"Developer","division":"Sales & Marketing","reportsTo":null,"salary":"6605204651"},
{"employeeNo":"586053012","jobTitle":"COO","division":"Sales & Marketing","reportsTo":null,"salary":"7093979221"},
{"employeeNo":"598983932","jobTitle":"Internship","division":"HRD","reportsTo":null,"salary":"130674700"},
{"employeeNo":"607816271","jobTitle":"Staff","division":"Corporate Support","reportsTo":"Evalyn Runte","salary":"2379938245"},
{"employeeNo":"619199710","jobTitle":"Staff","division":"R&D","reportsTo":"Leanna Nicolas","salary":"1119068408"},
{"employeeNo":"657121093","jobTitle":"Developer","division":"Finance","reportsTo":null,"salary":"4745030317"},
{"employeeNo":"666995059","jobTitle":"Director","division":"Business Dev","reportsTo":"Tressie Homenick","salary":"5909241304"},
{"employeeNo":"673148615","jobTitle":"Staff","division":"Operational","reportsTo":null,"salary":"4691007455"},
{"employeeNo":"680623436","jobTitle":"Project Manager","division":"Business Dev","reportsTo":"Pietro Greenholt","salary":"6719515609"},
{"employeeNo":"710790197","jobTitle":"CIO","division":"Finance","reportsTo":"Dr. Roosevelt Herzog","salary":"4929441516"},
{"employeeNo":"742198634","jobTitle":"CFO","division":"Sales & Marketing","reportsTo":null,"salary":"6694703244"},
{"employeeNo":"770701793","jobTitle":"Project Manager","division":"R&D","reportsTo":null,"salary":"760023554"},
{"employeeNo":"774239059","jobTitle":"Project Manager","division":"Corporate Support","reportsTo":"Kory Johnson","salary":"2262169123"},
{"employeeNo":"787092617","jobTitle":"CIO","division":"Sales & Marketing","reportsTo":null,"salary":"4603789922"},
{"employeeNo":"822171592","jobTitle":"Staff","division":"R&D","reportsTo":null,"salary":"7963178326"},
{"employeeNo":"838743101","jobTitle":"Project Manager","division":"Finance","reportsTo":null,"salary":"644921177"},
{"employeeNo":"842941172","jobTitle":"CFO","division":"Operational","reportsTo":null,"salary":"5641128949"},
{"employeeNo":"872375559","jobTitle":"CIO","division":"Business Dev","reportsTo":null,"salary":"6287250985"},
{"employeeNo":"885515105","jobTitle":"Project Manager","division":"Corporate Support","reportsTo":null,"salary":"819453616"},
{"employeeNo":"908051813","jobTitle":"COO","division":"Business Dev","reportsTo":null,"salary":"1548497983"},
{"employeeNo":"930233733","jobTitle":"Secretary","division":"Finance","reportsTo":"Alvis Medhurst I","salary":"4221852205"},
{"employeeNo":"948372537","jobTitle":"CFO","division":"Sales & Marketing","reportsTo":null,"salary":"8279725220"},
{"employeeNo":"948639349","jobTitle":"Manager","division":"R&D","reportsTo":null,"salary":"5168604417"},
{"employeeNo":"977859505","jobTitle":"CIO","division":"Business Dev","reportsTo":"Prof. Jamey Treutel II","salary":"2612172309"},
{"employeeNo":"985544168","jobTitle":"Secretary","division":"Software Dev","reportsTo":null,"salary":"6140626306"},
{"employeeNo":"994302076","jobTitle":"Director","division":"Operational","reportsTo":null,"salary":"4552249708"}
]
}
]
