"employeeNo","firstName","lastName","extension","email","officeCode"
"6653212","Vena","Nolan","Prof.","stacy.heaney@koch.com","slnz"
"27842574","Lenny","Langosh","Miss","trippin@rempel.com","dsjt"
"45745073","Janiya","Roberts","Prof.","zstreich@rogahngleason.com","itgf"
"56295358","Gladyce","O'Connell","Miss","jaskolski.elaina@nitzsche.info","qpqe"
"69452159","Lilyan","Buckridge","Dr.","jaquelin61@ward.org","rycr"
"70300388","Grover","Tillman","Prof.","shirley.durgan@metz.info","tqiw"
"81032259","Elyssa","Pouros","Mrs.","georgiana58@ziemann.com","klav"
"144571874","Brisa","Rolfson","Dr.","lenna.glover@borer.org","bhfe"
"205737185","Uriah","Tremblay","Miss","jermaine73@anderson.info","lgxf"
"240844677","Myrtis","Bechtelar","Ms.","camren.jacobs@torp.org","pkrr"
"266177557","Jackson","Rohan","Dr.","xterry@harber.com","pkrr"
"326630730","Barney","Ullrich","Mrs.","titus57@reichelkuvalis.com","itgf"
"335603995","Angelica","Schamberger","Prof.","olson.josephine@swaniawski.org","krpp"
"354810794","Alan","Metz","Dr.","steuber.jules@west.com","yltx"
"371769959","Malcolm","VonRueden","Ms.","wunsch.mitchel@colliermckenzie.com","klav"
"410516454","Forrest","Spencer","Dr.","callie85@predovicleffler.net","qpqe"
"427258436","Elliott","Jakubowski","Mr.","willms.chanelle@kuhn.com","rycr"
"436199449","Zora","Bins","Mrs.","dee48@lemkesenger.biz","rlkv"
"443981557","Keegan","Trantow","Mr.","lindsey98@crona.com","rosj"
"457736212","Oral","Pfeffer","Ms.","littel.joanne@daugherty.org","lgxf"
"481607105","Jakob","Padberg","Dr.","hayes.janie@reichert.net","kfmi"
"488785447","Melvin","Miller","Dr.","thartmann@dickens.info","hmfc"
"519730575","Anika","Pollich","Ms.","powlowski.cassie@lehner.com","kfmi"
"541114825","Triston","Schinner","Prof.","myah.toy@roobromaguera.com","dsjt"
"579667676","Joanne","Toy","Mr.","elwin57@leffler.com","jwzv"
"586053012","Kaylin","Bradtke","Mrs.","maximillia93@runolfssonschneider.com","yltx"
"598983932","Issac","Emard","Ms.","austin51@mannbatz.com","hmfc"
"607816271","Broderick","King","Mr.","zgerhold@yost.com","zhgp"
"619199710","Marjory","Sipes","Mr.","cyril68@reichel.org","krpp"
"657121093","Arielle","Homenick","Prof.","fbarton@baumbach.com","rosj"
"666995059","Damon","Boehm","Prof.","madelynn24@fritsch.com","jwzv"
"673148615","Aimee","Murazik","Dr.","greenholt.reese@marquardt.info","zhgp"
"680623436","Tony","Huels","Ms.","hauck.megane@corwin.com","kfmi"
"710790197","Mozelle","Conn","Ms.","erick70@zieme.com","slnz"
"742198634","Howell","Halvorson","Prof.","treutel.bernardo@veum.com","dsjt"
"770701793","Emily","Donnelly","Dr.","kertzmann.lacy@gibson.com","bhfe"
"774239059","Shaniya","Dickens","Mrs.","iyost@hirthenolan.biz","xkva"
"787092617","Clair","Sauer","Dr.","gladys.runte@collins.com","klav"
"822171592","Lurline","Parker","Dr.","walker.jacques@funk.com","ndwc"
"838743101","Kyla","Schowalter","Dr.","umonahan@johnsonpaucek.org","hmfc"
"842941172","Drew","Oberbrunner","Miss","kacey99@rutherford.com","xkva"
"872375559","Rosalyn","Terry","Ms.","bkohler@stoltenberg.com","tqiw"
"885515105","Rafaela","Romaguera","Prof.","weissnat.ines@osinski.com","bhfe"
"908051813","Dolly","Hauck","Dr.","krohan@zieme.biz","krpp"
"930233733","Kayden","Osinski","Miss","rachelle97@deckow.com","itgf"
"948372537","Akeem","Braun","Ms.","maggio.laura@weimannmante.com","ymkk"
"948639349","Jewell","Jast","Mr.","mkunze@bayer.com","rlkv"
"977859505","Holden","Flatley","Miss","hjohns@waelchi.com","ymkk"
"985544168","Cecelia","Kertzmann","Prof.","o'keefe.alysson@wyman.org","jwzv"
"994302076","Candelario","Wiegand","Prof.","eichmann.jacynthe@weimann.com","ndwc"
