"officeCode","officeCity","officePhone","officeAddress","state","country","postalCode","territory"
"bhfe","South Janisburgh","921.916.0447","3434 Mitchell Glen Apt. 449 Rosettafort, FL 09812",,"Tonga","23541-3578","Innovative"
"dsjt","Emardshire","(441)905-3553","905 Adams Lake Suite 790 Hipolitoport, MS 60433-3990","Maryland","Sierra Leone","71900-1296","Reverse-en"
"hmfc","West Mattiemouth","555-946-5474x4652","528 Harris Islands Apt. 031 West Tyrellchester, MI 49137-9465","Missouri","Anguilla","38699-7153",
"itgf","North Donald","749.172.6138","6498 Bret Passage Port Brady, MN 22009-2323","Maryland","Bahamas","62465-2874","Switchable"
"jwzv","Millsfurt","003.053.3150","04184 Gleason Lake New Alburgh, WA 69102",,"Spain","95918-7305",
"kfmi","Port Kasandra","824-369-1960x10256","050 Keebler Turnpike Lake Cotybury, SC 92338","Indiana","Barbados","12767-5986","Quality-fo"
"klav","Port Casperland","648.019.3089","33746 Paucek Walk Suite 060 Mackmouth, WI 89341","Nevada","Armenia","57108",
"krpp","North Elisabethchester","1-203-337-8895x0395","97337 Christiana Hollow Paucekstad, WA 64223-2907","Wyoming","Singapore","79381-2706","Profound e"
"lgxf","Port Chynamouth","(418)327-9781","84401 Hackett Landing Suite 872 Wizaland, ME 81655","Florida","Jordan","89646",
"ndwc","New Paulatown","783.226.3296","0227 Jasen Plaza Suite 594 Schusterport, TN 58335","Colorado","Maldives","22852","Advanced s"
"pkrr","Lake Aftonfort","00729923166","98029 Volkman Skyway Apt. 594 East Nasirborough, OR 99906","WestVirginia","Turkmenistan","42784-2031",
"qpqe","West Reinaburgh","01197270469","934 Rafaela Station Apt. 481 Misaelview, VT 67556","Kentucky","Guatemala","45800-6074",
"rlkv","North Sandraside","(553)216-0624x831","0220 Rory Port East Friedatown, PA 83234-4920",,"South Africa","28151-6516",
"rosj","Tiannatown","(411)776-4189x745","8589 Cordell Plain Apt. 781 Port Cielofurt, TN 10540-6943",,"Canada","43408","Enhanced 5"
"rycr","Swaniawskimouth","(815)385-0750x9836","241 Derrick Mills New Asiaport, FL 59630-7338",,"Lesotho","58117",
"slnz","South Jaiden","06437406505","25646 Elda Camp Suite 878 Sonnychester, KY 63908",,"Palau","07727-2771","Cross-grou"
"tqiw","Winifredborough","+93(0)4945201584","6366 Salvador Isle Suite 905 Clovistown, VT 91564",,"Puerto Rico","64394",
"xkva","Neldashire","1-229-885-6060","108 Kessler Route Willmsstad, KY 49174","Arkansas","Tokelau","05046-9464",
"yltx","Gerardoshire","1-953-343-6438","257 Loma Manors South Katelinmouth, SC 77668","Colorado","Spain","79061","Realigned "
"ymkk","Lake Alexismouth","1-722-119-3745","194 Kihn Expressway New Demarcus, NM 66498-7994",,"Grenada","68283",
"zhgp","Lake Billie","493.526.2915x563","02440 Tavares Neck Suite 621 New Stanleybury, MO 81501","Arkansas","Botswana","20144-8047",
